x,y,z,value,cluster
0.9934283060224653,0.27495170270261543,-2.8093119089814222,6.415302028840603,1
-0.2765286023423693,0.16567322592761352,-4.632786374991788,20.626613386622335,0
1.295377076201385,1.5176761720561958,-3.9197424586930865,19.457286823205052,1
3.0460597128160507,1.838692409267399,-1.611393506612484,13.95264351311862,1
-0.46830674944667194,0.04814362010404817,3.025856795798129,5.871035599641704,0
-0.4682739138983611,4.128291081673363,0.7204864336930079,17.994827414706126,2
3.158425631014783,0.08005572851851205,0.12667725956416387,9.62156836704784,1
1.5348694583058176,1.169026332143433,-2.0651117679187836,6.07407508460518,1
-0.9389487718699042,1.8519600060918586,4.317537194328164,20.268406148067186,0
1.0851200871719293,3.071555328682141,-1.0298495876280835,13.698667598094417,3
-0.9268353856249245,1.8781012093080394,-4.129072332042285,17.706285647972972,0
-0.9314595071405137,2.427173808895089,1.1706651611780128,7.3193377783975455,2
0.48392454313206823,0.6220241237196504,-3.861616065233986,15.065542518710004,1
-3.826560489315596,2.5296818540218853,-1.5477685719830792,24.318558926274736,2
-3.4498356650260655,0.12525967463724397,0.0741193871780883,13.146748120588985,0
-1.1245750584819454,3.3780754781778244,3.742225246851758,24.341301227268588,2
-2.0256622406688476,1.1897575243183942,-0.06453419659881376,6.9270662902676925,0
0.6284946651905478,2.549846414498278,2.022587660316643,9.906093863893824,3
-1.8160481510424218,0.9030914579025695,4.928168389990704,23.79419993008529,0
-2.824607402670583,1.547458502580133,-3.685108801020184,22.35454908851257,0
2.931297537843108,1.1210967209381544,-2.252684744804805,12.982519843728303,1
-0.4515526009730713,1.972856752480381,-1.054239244023536,6.6434356421534275,0
0.13505640937584767,0.12773234983343423,-0.7817182146116863,3.8625911411685787,1
-2.8494963724269136,0.09337504697852261,-0.8897892473445426,12.63494664713608,0
-1.0887654490503653,0.4257407363098746,4.07611002556555,15.33261751789935,0
0.22184517941973217,0.26071722977272505,2.140326444668564,8.382426803657799,1
-2.3019871548446056,3.081053335503597,1.079052140907038,17.109160404607067,2
0.7513960366913439,0.3711812372708309,-1.9062728213721791,6.556088789434243,1
-1.20127737983761,5.58615421415114,3.2379038422129476,34.45997924011448,2
-0.5833874995865536,0.616234686497144,4.550605114849889,16.67022365518381,0
-1.2034132244587938,0.3015556559682793,3.2119828255022647,11.455364088954045,0
3.7045563690178756,2.338819646391521,-4.984348948085271,36.645994666797094,3
-0.026994449475867842,1.612524308012278,1.36401370183407,5.679248680206621,0
-2.1154218579118007,1.0343176630851507,-4.488646185578993,23.24678527230795,0
1.645089824206378,1.215747448673431,-2.4239277966627815,10.057938484305211,1
-2.4416872999420445,1.9051784095934494,-4.404752996522284,25.235304025111642,0
0.4177271900095108,0.3890399185300601,1.0379545294938772,5.207654775771802,1
-3.919340247759551,8.412946848071556,1.8658991349260674,71.06662660327774,2
-2.656372097796861,5.520959966835142,-3.855123619340949,46.76876341414041,2
0.39372247173824704,1.5761296351988352,-1.1616111695502052,7.642131181368537,1
1.4769331599908209,0.33385766770334,-0.43763491044457936,3.943616551500217,1
0.342736562379941,1.710221692913053,-1.309469782390834,8.150490267410657,1
-0.23129656477648106,0.11240605775143994,-3.7897499951480693,13.115191094426288,0
-0.6022073911785776,0.04669817478542922,-0.8105220981252454,5.490910027718992,0
-2.9570439807348547,0.4469681297083448,2.511780478084181,16.90808552301987,0
-1.4396884167894173,0.9315829528101585,-4.289923354667446,20.78514953691104,0
-0.921277541919575,3.0405298877862608,-4.198199859180965,20.464969326014238,2
2.1142444524378314,1.9483544682268334,-1.4522870816401579,10.759281138593016,1
0.6872365791369228,2.036306857123983,4.417257116189251,18.898349101830703,3
-3.526080310725468,0.8313653691111208,1.6857264672291405,14.700632067658049,0
0.64816793878959,0.6368227990342239,1.7866995667256482,6.855260437961938,1
-0.7701645608326331,0.6955284758209456,-1.3808000916213503,4.511004410677709,0
-1.3538440006119175,6.591095837274756,0.9366079120853845,36.26432061642596,2
1.2233525776817358,0.06140361306589301,-4.898688159722566,20.99669781782938,1
2.061999044991902,3.026464487633608,1.360960464095422,10.893103469359383,3
1.8625602382323971,1.2965276120289937,4.132869475762368,23.112047775245905,1
-1.678435046445277,0.8660236215519893,1.1257346834481918,5.825657217328622,0
-0.6184247517024292,1.9378823512333057,3.7369859346634513,19.03827461835201,0
0.6625268628071279,1.000251455398821,2.2397305546609383,7.872921921163578,1
1.9510902542447184,3.10035951190165,-3.7944158359630977,28.42510817283602,3
-0.9583484756905799,3.464442719430562,4.024533072858418,25.972649475578837,2
-0.37131795332763423,0.8215480520310372,-4.335561556442251,20.09924666886645,0
-2.2126699480120564,0.4861618606277129,0.33967472547763755,6.511612361912564,0
-2.3924132481613416,1.346020682911364,-3.5786287620654234,19.850836621055233,0
1.625051644788396,3.6518339092853984,-4.882933892690959,34.34719594206026,3
2.712480057141646,0.35484134842503684,-0.77965739872361,6.985950207117415,1
-0.1440202431606677,1.4631321865493634,-2.0495929234584374,8.775919232206586,0
2.0070657957840483,1.4977170003383151,-0.13999506202396983,6.276165560540033,1
0.7232720500952683,1.9813950226902832,0.7719988673455083,6.988788305872001,1
-1.2902395092102485,0.21159844455399063,-4.562609276910527,20.997540341310398,0
0.7227912110168279,1.8872473636906648,-3.7699670487625436,18.900397773112793,1
3.0760731329319384,3.5958798094338675,0.5864239645042533,18.38775806692562,3
-0.07165207821990308,0.29709684117021684,-1.5683264682734177,5.931849317268954,0
3.1292873116280124,0.40681438753074295,2.2917348754944804,15.594308941007677,1
-5.239490208179489,5.331265558292268,1.5229164859193967,47.90125032709061,2
1.6438050087504477,0.29946458213273686,3.4560436298990673,18.047913229147333,1
0.17409413647634245,2.890184651634987,1.9249282666922527,12.112702367309032,3
-0.5980147009317349,1.0167314138303236,-0.7006892260985182,4.100588509705682,0
0.1835215530710046,0.42599545499155567,1.7296662239443243,4.325111708698924,1
-3.9751378292017856,3.0690090026172734,-2.246188257445815,25.353676187508697,2
-0.43934377567502386,0.8840059883399336,-1.936865012217873,7.888920105743601,0
0.7142251430234928,1.0848448036516771,2.889851599207933,9.165868176402242,1
2.955788089483032,0.6676349387667118,-0.5358048359841785,10.125552132101237,1
-1.0365404365472948,1.3482320140276178,2.983803405183525,10.997199419913295,0
-1.6169872057863752,0.26783594642644704,3.2242237366827844,11.063836079303481,0
-1.003514087169073,0.7441063595452103,3.575623376612837,11.573607500590983,0
1.8308042354041483,5.230737062731716,4.166352358412073,40.76957050600751,3
0.6575022193193689,0.44787882063600926,-0.6901477948670376,3.8964300765273943,1
-1.0595204075340776,1.603886076775654,-1.8113318167886119,8.714711752867835,0
1.0265348662267122,0.5899863065833906,0.8219874659411381,6.487056370428936,1
0.19415509869608077,2.2273375360607472,-1.288275765623724,9.071192262214169,3
1.9372899810657784,0.21040016941520512,1.0107416680023293,6.420330898827403,1
-1.4041061877547047,5.2509156816366,2.055858626438246,28.49642864073205,2
-0.6553242931955364,0.9071263832471067,1.884050184921369,6.4568231846359785,0
-0.7842163062643153,0.40388031524658036,-1.2544711297987865,4.870766574486039,0
-2.927029896264237,0.1145065838339056,-3.331397983012472,18.301296394473457,0
0.5922405541291521,0.2790569101568909,-0.6947066153779247,2.582824588169118,1
0.5221105443597787,1.1002475181443723,-3.5740585591809126,12.970618026288772,1
0.01022691328492178,0.61647761970775,3.900970351838083,15.435722461431835,1
-0.46917426675029383,2.648114826183236,-1.5412253926214259,11.384754517564913,2
-2.8307414841008285,0.8455157860283886,-3.455402527766762,21.067820968273498,0
-0.8412906455307181,0.4289538554637765,-4.745522400942491,20.958477755659498,0
-0.685429033053539,1.4401483748602018,1.458223862864843,7.2433067639396524,0
-1.6045545384432378,1.8402339104390173,1.3690231745474328,11.699548172745253,0
-0.32257142333201827,0.2741579215287702,-1.593958334187083,6.475534924255703,0
0.8081017136290768,0.27519790519614107,-4.28288111152349,17.102509849328747,1
3.7723718024210604,0.05604109201422411,-0.9037110510476793,18.862748672974867,1
0.3491556256636779,1.999995181184751,-1.8878250493660644,10.816790971098579,1
0.5151007814455287,1.6350937877206486,1.7712063973500936,7.885141162598601,1
-0.14889183153233443,0.9654812544529392,1.057792494526904,5.9239992952883975,0
-3.837542430598083,2.788488736014225,-1.3540627180246,23.43789152171368,2
-0.053027750898433756,2.457297481754027,-2.821074457450099,13.58365958757667,2
0.12046041988205287,1.3204965204538823,4.880359661555918,22.104144501763137,1
4.926484224970572,3.040515939793504,-0.4599837880388513,29.919351602693112,3
-0.38472192956224505,0.3457077755558603,1.8827423578023703,3.5679889499101587,0
0.6030946846672249,0.17803953208542686,-3.5944703242163922,13.788124600005784,1
-0.06942353941048662,0.4715517085921619,-0.14410300340602156,3.9178581212352963,0
-2.337356075239064,0.08817166009494407,-4.724632801305345,24.3069363680954,0
2.285645629030041,1.1362710642509157,0.05455117910449925,8.55071512070915,1
1.5038660653735483,4.137571808102949,4.640174071177023,29.429862270968133,3
1.5820638940860938,0.06020762461407335,-1.1579328701419977,4.332080747663431,1
-1.8187749095894779,0.19535081997467513,-4.610039874250884,26.07733891982748,0
2.8055886218721984,0.9027648724528964,-4.690442090806565,24.936618475754955,1
-2.8037021255845618,4.074312980813992,-1.120132400531305,22.359063852173268,2
1.1737141876005406,0.5700384165851805,-3.3997506353680595,13.726565846295786,1
4.380911251619957,1.0615837556570178,-4.766479036718141,36.58484651134661,1
-1.9810726502613767,0.06369259950157755,2.562136139501768,6.583431089315904,0
-1.1325954592055438,0.2408574770046284,-0.41476991118109297,7.4261826011224334,0
0.19930273017528244,6.472126626800068,-2.1075522802734548,40.93340430459706,3
-1.0069513082323984,5.033706461729864,4.000831830164808,34.61235287206098,2
-3.1013268621322654,0.007428334460741424,-3.838610397994744,23.28897603597788,0
0.13712594961205465,4.5489611980182225,4.559188289553193,36.75462902254918,3
-2.1246074274522098,1.5288144203527514,-1.8603328262264718,9.808886776023787,0
0.9471848612703632,3.036501850464766,3.884036723086812,19.046539250534167,3
-1.8388484684676063,0.9097384036380143,1.0294287647946154,7.4580012550923644,0
3.099868810035079,1.0872541030466567,3.267073597414875,22.04285744405195,1
-1.5665065846724742,1.00662824926329,4.840131632104644,22.786026277868757,0
-0.6441230324113512,1.648807855598375,-2.1159456218125428,7.282286485341828,0
1.6270344347393395,0.22562618131418577,4.61135485407593,27.347869252579297,1
-2.4617286328679104,0.04564797137995691,-1.1051810509757964,9.252125656039473,0
0.45491986920825883,0.5521021320206714,-1.1448809526307766,2.8808270582295745,1
2.614285508564856,1.829547521311259,-1.596128957454943,13.586844385730362,1
-3.214966469122455,0.33819458165491556,0.41407607347585174,13.548613175789656,0
0.3692677170646084,1.6786776139979684,-3.458549568215129,15.804051830364148,1
0.5197655884968471,5.255445585343814,0.5371148535801122,25.570926763663387,3
1.5636457435546207,0.14790959058268044,0.4170481241000399,6.867035659736172,1
-2.473901421756164,1.6748686258568042,2.6190181260487,15.303361675633447,0
-2.6409132261685526,0.8798067596357604,3.3364996193758554,17.33618991298073,0
1.0438831312337953,3.039047433290275,-0.5955864968757592,8.653869980451592,3
0.5939693464663721,0.2924716485879657,-1.9766675064850627,4.229631525787916,1
0.5009857006917531,1.7695348145705307,-2.4066510268290555,10.627263062766943,1
0.6928964189939514,2.7313062923964684,-3.0537616329512804,16.200776504464383,3
-1.3600494431569816,4.34014858107041,-4.423524178009751,33.31252754465709,2
0.4645073943220071,1.7244543524769331,-1.5755202116528668,7.163662011639405,1
0.5861449465973625,1.0312689189173094,-2.2975230786921674,9.900595898947742,1
-1.4287028360527356,1.4429022833264122,4.664173858664073,24.809090266378405,0
3.731549022289513,3.047749364051867,0.577088262500439,21.164946863718747,3
0.947665841823575,1.2680836381035088,-1.5272296096949245,5.737829010482358,1
-2.382606994405297,0.046287476600857795,0.8046760099369603,6.266869372110227,0
1.3131072172676594,4.009358260948759,-3.608032986543045,27.794530050136206,3
-1.9493633404546429,1.7544863040167256,-0.5595625079779705,8.484662504322841,0
1.574169207484904,1.6928963158192336,1.262343214210638,6.773490617785548,1
2.317191158014808,0.3643979970270359,-0.1110216820754859,5.196408809838943,1
-1.641364636703421,1.6133054905021331,-0.9822119934567572,8.593881981029208,0
1.9267522584886436,0.7509773473437882,4.938483888996982,27.989112218802692,1
0.8255618538729966,1.5800267035308546,3.80314762148927,15.211314536770704,1
1.64412031998898,0.16906960317404407,1.2340595815944013,10.11582120587029,1
3.7935859653078947,1.6087384776987848,0.6937736118228273,15.400429570873204,1
-0.490776232005741,11.162584364556608,1.2066047982458405,100.0,2
-1.5074723287149792,0.07411949834145104,-2.9868789217756673,15.820878915845226,0
-1.7790288592510466,5.669794668843343,-1.048622567356814,32.72915212607843,2
-1.6316205699308766,0.7836085236818959,-4.605404671091007,24.582331429962665,0
-0.1542034188282084,3.0690501915236297,-0.24453962513173355,9.317765433615111,2
0.6823039496332878,2.2875450854014385,0.43024583957663154,6.629824011913707,3
0.5533815986600381,1.2555826588898287,-2.722502638967904,9.251812909763935,1
1.6543664980720476,2.011690178778988,4.640288471655138,22.203767499069546,3
0.02600378375581404,3.1619536514375097,4.09454610937242,23.11213740598517,3
2.9070681543146337,0.7766251179730541,2.2214323545590586,11.784953769618259,1
-0.5293136664759122,0.5940888371865097,0.3338662876536258,2.3379661815498727,0
5.440338333179238,1.6520944757584604,3.6996915964768498,37.97793410953496,1
1.2513346955300124,2.47418676445661,-3.6934765617653706,21.186418259196273,3
-1.714315112832565,2.155025053230768,2.90509794274885,16.518274865220096,2
-2.1417849961222246,2.3978482146716633,-3.751791860331517,19.667165711462864,2
0.9649448304863706,0.8579437451128298,2.9421066254940538,13.227926134121622,1
-0.4469255706517018,2.554257159578795,-2.2423243174864305,12.210472510807184,2
1.428000988184184,0.1921064439803572,3.7709058101818886,17.414593608287475,1
0.9464752491470897,1.1795034425164244,4.440420938253979,18.915539400157982,1
-0.14565782531374555,0.008662958274380782,-3.512040305948844,11.257094663938584,0
-1.69358743613681,0.5886437864147818,-0.3732439493460653,5.662701548380895,0
-3.0296944493717293,0.6846518439437792,4.809873781626852,27.274490917519465,0
-0.8930299041340422,0.7567005527830011,-0.16592564026853385,3.1102230906723825,0
1.7127975886469446,1.7834647530467165,3.635475225145452,15.133092660571519,1
0.4281874882604079,0.7379030140671097,0.8873152213131981,4.0654795338962515,1
-2.491477557423976,0.8931968783458927,-1.2467009208039812,10.764180675323708,0
0.346361851702364,0.4068159730979669,-2.142164444741298,6.6548296957789805,1
0.7706347594576736,0.7008156008260142,-2.9677690891391273,8.041798633425234,1
-1.767714872402266,0.38673764629957325,2.6179819137769726,7.31179377406148,0
0.3074502118910558,0.11401963238308083,-1.1345949317697213,1.8323348314083725,1
0.11641743689199979,1.3874243929776844,0.11275462200751107,4.3894394804846115,1
-2.285940595661246,1.6548922126066035,-0.07674519998818052,7.730681968456506,0
0.7155747206965666,1.4493655952226274,0.7727902923313126,6.433236192287831,1
1.1215690527364688,0.934016422525421,3.655771456245523,13.720626330553287,1
2.166102486350554,0.7165355171698499,4.807393435834294,26.017627336390373,1
2.107604104069806,2.9853190828421323,-0.9241579142618308,16.189780527960977,3
-2.755338735914182,1.0980870822023903,3.2751892210630302,17.667314170379736,0
-1.8756500798302456,0.9785315872728741,2.6452779465471767,14.2481055488627,0
1.0300705344173195,0.038964830913021706,0.735289514555733,6.34626922274614,1
1.0275719018244176,0.6261118221161965,4.560471436119331,20.584928707695553,1
1.0300953726120958,0.7175270473482078,-2.995254844715972,8.905689908353263,1
7.705462981309442,0.7632982712969988,-3.907357896903786,55.718909830217854,1
1.141781021386334,1.3018665822979059,3.539619669554222,15.460495914710904,1
2.271131280361198,1.1440756565293033,-0.6085018336625172,6.372884090661055,1
1.9080035269864046,1.4043770374122295,3.469688542070605,18.356325850220017,1
1.302782502611596,2.1715096931803215,3.930902051954149,17.190962521192905,3
-0.6305384892806912,2.514855602227747,-4.375424063809286,21.130773589651298,2
1.5179384409865349,1.8994271157470863,3.8346476298606067,16.784658353254617,1
-1.5456504290751436,4.669198087506308,-0.5168094463057784,24.29855848598965,2
-0.47363721348001775,0.02760126687405004,0.1043248900423226,2.4764584382065915,0
-0.9707270956582069,0.32681986606876945,1.265925110932102,5.734134267241926,0
0.1637482787726451,0.011387427797123532,4.263826067300867,18.64847780758072,1
4.629317133347017,1.5639493896116274,-4.80883905570236,39.74675869953124,1
-3.734530385183496,3.4246230150997152,-0.23156531682182901,23.608950322750452,2
1.372520380749027,0.4185440164166602,1.877220424305607,10.442919817787502,1
-3.2254317423793033,3.9266537493355784,2.2270695769822844,23.410186438777732,2
-0.9438637315788669,0.09323985290808096,1.9253243153710802,3.6683323287308482,0
2.177901193934732,4.087093384500177,-3.6556487059187814,32.405439827320166,3
0.12856003819092554,0.6499237189598076,-2.0060441162831877,5.98010621105548,1
-2.1554895558586122,0.1604106920879053,-1.4128447458298652,8.135732790075973,0
-1.4306074185199364,0.9979238233491174,3.0443720767950495,10.65689820205794,0
1.3591954978693517,0.4451378446172578,-2.2124012758544698,8.22816061020204,1
-1.4607332634342733,0.5029424888874929,-2.8929503613279683,15.75250682205088,0
0.43291717916394973,0.5507156807419179,4.574480190380962,20.362849652009366,1
0.09114367980762757,2.4370245299481352,-4.9113671488653114,27.670510748908942,3
-1.3032006952116342,1.1620607072073907,4.978208556819782,22.543544592185025,0
4.287888178650651,0.5594410436301788,1.7682129885739561,14.825540406734484,1
1.2678380446360225,1.4136971414317685,3.28469299449117,13.014199217431168,1
-4.050285173315214,1.888967586972152,-2.0538060365380684,24.61971972760381,0
0.3729086295388553,0.47746761331206905,-4.8568472233294,19.896183007030004,1
-1.323572929536776,0.8004995009386532,2.3786951856153005,6.699424973006058,0
1.704866669592448,0.1949684392821008,3.341445970006758,16.272309987552674,1
-1.5850414768654013,0.2997803515832081,2.404761319535192,9.402977806546842,0
-0.22947288293379803,1.7144005389392554,-3.571497126991614,17.40746493849182,0
1.0099745579609143,0.30030984222547086,2.5342792225696904,14.566493161813609,1
1.731510388340243,1.11717674959815,2.6892278210764093,12.809088945502443,1
-2.4005928141115525,1.8518864991595283,1.5854051567005492,12.89445913275396,0
-0.6690024716818967,0.16954632528070565,2.661159327955862,4.547037945177049,0
-0.9498906223219123,1.2566083088522202,3.4592143967773215,15.511769435983295,0
-1.3066584651474238,0.4447064401387262,1.1360411423745838,1.419526950166877,0
3.5309084805621938,4.942294457711888,-4.113952860303209,44.812892480350285,3
0.8099634219219111,0.9911525569902107,-0.12372190332789135,2.368987114992843,1
-2.5217679086700904,2.4597880761530386,-4.223506653283949,23.848778022786565,2
1.8357238941095522,1.1985168749904167,-0.9245696896756916,5.20746545903405,1
4.2443123940252665,0.06657457391979918,-0.9289351087437234,18.478998773919663,1
2.0649305211022937,1.5042089753615286,-4.339901558597584,21.380427111432518,1
-3.038739931908027,4.536300780187099,-1.511794660305207,26.66299123060193,2
-0.9684681457325027,1.3804926341307369,-3.8900190120868516,18.478446911356837,0
2.5338222983732455,2.5654533220615936,3.082352100092221,17.036404966093787,3
-1.4153389312375615,3.23391979523105,4.476880259644707,31.22173763572246,2
0.8876388562924569,0.38831109875475034,-4.276835247420614,17.350961803481567,1
1.5492681068586736,0.3574711412702336,4.551152072917015,22.84641729965899,1
-1.853860943156166,1.4161905970642956,0.2257659933674514,5.945310869140352,0
-0.11905071212360016,0.7940661485003659,-2.0043432204612612,6.402446279465471,0
-6.482534680138145,2.7475724732533857,-4.231379247238365,55.941116604945975,2
-2.0487752826685797,3.4542245305692836,0.006242680704177772,15.619592912838593,2
-0.5051363027863206,0.654090717635272,2.9451554449074866,8.124187091107252,0
-2.495566363929699,0.40549142191266463,2.0708647726669813,10.224493686400887,0
3.2648226078632705,2.274778943688673,-4.497739885360263,28.661106915432303,3
-2.8602827559212654,0.48197418410124865,-4.270981646320965,25.179060316053366,0
-0.8800889733939675,2.5941433882785523,-0.9712671736736294,8.527204439675442,2
0.2614811545721827,0.8267899511331153,-2.0470950595205673,5.73312690134927,1
2.882546578132231,1.6518982548080552,-2.6761567694395216,15.670382114318135,1
-2.8717243023588788,0.1506180259366887,-2.189955010912864,12.383999717381132,0
2.326327504309919,1.4666881035980612,3.0348274329688465,16.851072235038274,1
0.020466122039174098,0.9015842069441775,4.29228053631854,19.61376834526225,1
-1.9630173020959019,1.3250401560999072,-0.9489730547243358,7.459257414181276,0
0.9242069485265415,0.27590987238473685,4.061110021324971,19.356040297013525,1
0.39811939114694006,2.0026819571227987,-1.7850429875211802,5.8447522150717655,3
-1.2004337543175894,2.9794413948178162,-0.23563013656208387,9.340889384432206,2
0.13960416998003783,0.36643549003280906,-2.739710021840003,8.366206666873456,1
-0.7706271937235204,0.15091531689420146,1.4047604217584393,1.6519075782028387,0
0.22703469050249608,0.03588368989736099,4.78981115174809,19.825547024461876,1
1.3242613490420934,1.5407140320743808,1.0349309604337869,5.966245436236678,1
3.172033632290704,1.401277459985877,-1.4218591588645113,14.170803383409613,1
-2.475630997653698,1.1867931200753485,1.4781744599052837,9.463831458922225,0
4.266066749312533,0.3958449944119332,-3.7707932153461243,27.037600983357276,1
-3.9041755990450038,0.7436739975978077,3.886590802653986,24.941791687908744,0
-0.30357019007116665,1.353864071308983,0.03083950779836364,3.473994118017392,0
1.176634412969153,1.030052572487874,-0.5065025796035796,5.0270726402623875,1
0.5619837354700653,6.60769974507199,0.8586478845351921,34.09518816384417,3
-1.2453990396411876,0.22003741892299097,1.2478386278940246,2.1833316896023107,0
-0.41624450071455044,1.7818763436306955,-4.28224193773487,18.50081250859221,0
-0.9860018693176656,0.7770744012155991,1.8261722122340238,7.098684977541309,0
-1.178729513888423,0.8384479884775736,-2.580683196844704,10.9307031706471,0
1.6992041940420493,1.8966342921285793,2.139526325065898,11.059009928009312,1
0.7140309719300947,1.7686088629797219,3.2253479438419674,13.526705129527802,1
-1.3858191905213084,7.109080211796554,3.0395850755252027,44.956145180782286,2
1.7991997508665014,0.20612718620487466,0.5250096740788912,8.247942472526281,1
0.6145990417532187,0.16490587506098311,0.2016989231075117,3.9532492884270853,1
1.6257242376779202,1.9328741485103134,-3.571240386605883,19.472712681662166,1
1.2592576838472245,1.2955008757019706,2.753461504031356,18.063574314665253,1
-1.6579900218441446,0.4806398886750392,-2.2859061955328563,8.685124715853329,0
-1.1203620803939391,0.12412603102169621,-0.03304577182053414,6.645569724601305,0
1.4945872102465236,0.13432630659586192,-2.157259070724833,4.837946592574895,1
1.2207405308669297,3.3691777686983837,-3.6617163700030684,26.313529465168187,3
-0.041803187928296265,0.31954354778994604,1.2955769689173655,4.126284959667142,0
0.234654766617564,0.5859494894213713,-4.456679651770962,17.229438973082438,1
2.55532979157685,0.3855477451434499,2.486452341262,13.475678199128525,1
-1.1831427776716599,0.6577488522156312,-1.8241320473888334,9.530960700517678,0
1.0941947623400758,0.10792704109744475,-4.998653069955147,17.989297086138944,1
-0.4043853048677881,1.0980184830383022,0.11129139237229779,5.083959213501927,0
-0.4353624064544406,0.10501026956616205,-4.531480914723969,19.48651660346964,0
2.19755370397438,2.416833063238878,-2.238304421791005,15.046301959690016,3
1.6508326979760597,0.39929596152630903,2.069764874557162,10.471459463920521,1
1.627019272001277,1.164832036722892,-4.373103783781342,21.393383831416863,1
2.610957614308658,3.1813842247346127,3.393384923560024,22.389629005673896,3
0.0420076832655181,1.578498060615396,-4.9618007734141685,24.28160616453835,1
1.3639059425899278,1.1420034488620976,-2.5317613079809775,7.923477999416797,1
-0.6205335131869121,0.588084063726219,2.4090405615207144,7.6480839481815535,0
0.6483327049768842,0.6074521518357702,-1.8372985027069322,5.734043481820498,1
-0.26028610873536917,1.6606637258546042,-3.981076119339865,20.02317870203599,0
0.19399192998543638,7.709245012060957,-1.3976608119957215,49.703977127416266,3
1.1903140508738272,1.6263505904478466,-2.2960671361547447,11.273994349635588,1
-1.636441366466945,1.2239332664519718,3.4271190216055487,14.257863512856558,0
4.1847745513709205,1.967618286289217,-1.8665208241485685,23.019880773343274,1
-2.012034762999404,0.9388093919736133,2.889324717760072,10.386896707926748,0
-2.4283772255754643,0.09304026522482632,3.9187214481073482,18.38854785863058,0
2.3162217470001356,1.2393213902159417,-0.6618258042347049,7.839022854593033,1
1.5833253879258717,4.741805140943002,4.09943143854392,34.98589179150565,3
1.2482396341043103,0.2891087444110553,-1.2268194603680715,3.140639171394659,1
1.2566910185285598,1.756798137702387,4.640784164901081,22.879802275710475,1
-0.024493545693829246,0.33646701561338693,-4.10710475474427,15.8524577956097,0
-1.794508742971663,1.1512491390396697,1.8701926650324276,8.270537282589586,0
0.15160911638745267,0.15251172555354134,-0.061859595430712844,5.364801752429425,1
-1.3543234230242234,0.897767486768821,-1.1235119454435294,8.949642378647134,0
1.9502394668355023,2.116884987813685,1.3271187874860093,10.687229667228527,3
-0.2941147630042773,0.6405806422281812,2.0385709163433123,5.114311368483394,0
-1.650994393585023,1.6400419093141325,-4.95636730349691,24.354999669085363,0
-0.6427716833059869,2.3804139643745255,-3.3304691125280126,16.242535976319314,2
0.8258629085512487,3.9296020390563133,2.130460506343187,18.580533054709242,3
-1.1274491056079494,0.4011175315733334,1.6638541357820644,6.040038995353801,0
-1.644440791132863,0.7645291993718022,4.660475051286772,18.982172521165232,0
0.4873744229838246,0.2480480179836042,2.61037790250783,9.415606558794657,1
0.48993314221744555,7.335982443072083,4.50772707731338,58.1837958991772,3
-1.0138863507422595,3.9259636457378586,2.0254050153480696,19.87000652617692,2
-0.9420766112366455,1.1646533981986842,-2.0194779136055683,10.258435447453284,0
0.4640998747152726,2.7680564880929577,-3.9463507774914355,21.48408175392146,3
-2.8961686829946482,1.1039504329474294,2.818238633449356,17.044106658072778,0
-2.8149275487531105,1.4655972729325963,1.4414922147591591,11.868470883584099,0
-1.436888442504872,0.14002346931453272,-4.518139876067037,23.698129366358025,0
-0.4268943034236945,2.1114021527336084,-1.3994953409902164,5.655894598427361,2
0.6218151311960092,0.20495600284336069,4.567998154842861,21.148490671402833,1
2.950712433899104,2.6236331024030086,0.00401145710201245,10.301427645673584,3
1.7153192464040388,2.2850836005279977,-0.6727086398029538,10.423299225747197,3
-0.3198770599268542,1.8503326036404135,-0.42300394840706,3.1679561958589466,0
-0.03803241580537766,0.055245552077329674,-2.9111727599483626,11.40377852015849,0
-2.0050587292756177,0.5417310600773253,-1.3129282913520477,10.82036705940918,0
-0.03702627198477986,0.4579802087686912,-1.301867440128234,5.19943306744363,0
-0.5773172778402766,0.6697503930292754,-4.476449798125276,22.549948705926433,0
0.645437120676179,0.13758546085856643,2.6756762851791827,9.114514044720305,1
-1.654461887104646,4.145926951338111,-0.83495568096121,20.312468109374148,2
1.0386930284823446,1.2104895281447723,3.2217988681642336,15.206495064419133,1
3.0654778260051554,0.5468971829214032,3.5034800111989544,19.622338716490514,1
-0.2175202969137152,0.7587111466598986,-2.8800594530134194,11.993716490141523,0
0.8034234441978829,0.8891454033639454,1.5735348217012852,5.514021169559185,1
1.380287983422225,1.3766665053311882,-0.2771819583701829,4.485750667981409,1
-0.8024409437716725,1.0875123780681595,3.80156737921485,13.462345346693773,0
0.44818496362083354,3.7772355697764697,-2.842593208235459,20.480871983392618,3
0.02518480156358972,1.0306387693811843,1.778132003100442,4.59084299804036,1
0.19535219709766344,7.272394898040353,1.077521222527226,46.5567899631985,3
-1.546019567710933,2.8599976699924206,-2.046985224281672,11.008393064200321,2
0.04902034851788543,0.35075802575914783,-3.633990963488274,13.55930710109344,1
0.9959965824908995,4.001699190883281,1.5163976047727656,15.341237903308418,3
2.9022872155900834,0.1855691692649144,2.385974581323307,11.697704549239731,1
1.9185416521704137,2.5510943610160886,-1.8437265623665002,16.04991552353604,3
4.306364915023113,0.7185624280006457,1.4483260402231384,14.330170604093691,1
-1.534695125776099,3.1552856523648543,-1.0486909238849673,10.719846547443268,2
1.7446412734413563,3.03807437873344,2.132068832826177,10.813496142009903,3
0.3666840114767035,2.4592689875361713,-3.007847251059469,18.513874978159198,3
4.3796058664353446,2.3411890403463915,3.9021500263617437,36.94658136134083,3
-1.616596570710303,0.5450728043876801,-2.1259040353442025,11.342355834464172,0
-1.6794436843615521,0.1265719938011242,-1.322140122438471,11.013238558467238,0
-1.1987852908880443,0.7737074471134495,-4.419080479196502,20.22011448882253,0
-4.247791448619614,0.28587753504998636,-3.884877876787236,26.617763102238566,0
-1.051510043361522,1.780924726466211,0.15861902712328124,6.6278854832361365,0
-1.518265323107396,0.6372006393196595,-2.324073232720285,11.977401274887333,0
0.30078757295241526,5.5703854531906245,3.3548022574219445,38.075027610107085,3
0.6835119515543189,1.5365326718041863,-4.853066113450462,24.22618073943938,1
3.7523416784317725,2.5930127631149062,-1.2090595132806383,19.199776245967367,3
1.9008476763721005,0.21325231314983917,-1.6265445323090733,2.604981197483659,1
-1.1538073113248062,2.9709098150046764,-4.80672369082399,24.210548555015325,2
-1.796829342696716,3.8412021729241994,-3.756316009994898,25.07747031946517,2
0.9838383430130114,1.001400210822374,-0.8635732508136478,4.199154050704049,1
-2.6404664140412843,1.3980698247374859,-0.07135415552553326,8.069011424213997,0
3.6629175317087075,2.1710411014977566,-0.9571025274513092,20.60179600071618,3
2.358880241442574,0.2882644626818689,0.3093767841209383,10.287343177714046,1
-0.9383513042094096,1.0474388223245918,0.9513167490568151,5.152785513990276,0
-3.426269058181755,0.7628997235043518,-4.900761788721644,30.29518750510649,0
2.7077447483308257,0.23739316656789156,-0.35904840546496075,7.942484704245361,1
-0.22907969050523577,0.6871942236850973,4.634992408875883,17.81605098191409,0
2.4756326239469235,0.1059110440561653,0.19032280129548695,8.144504759163135,1
-3.188855317588734,0.03922631995321897,1.7754226745895316,13.684906983006597,0
-1.1987500459075457,0.2178270484928454,-1.8813614208311682,7.546443292396112,0
0.010487399436366332,4.949930009965661,2.7399137815276253,28.006490019475738,3
0.09396118752948411,1.1961941498371842,2.729214818761151,9.617758021494666,1
-0.9001309429584873,5.064266747826159,0.21296047654138928,20.161835045353065,2
1.2456998646949975,0.8497661865123748,4.760138232792135,22.657662911212814,1
-2.1352408587651888,0.5605488424960561,-3.744497852373466,18.985553753996296,0
-0.284758970042587,1.0582604621659497,-4.8305233511041905,25.071845065730958,0
0.24059126342379772,0.8684203359398226,2.7015821175709593,10.476818825262619,1
1.028877668117498,0.1675117508975879,3.0715553736488257,11.535856665556842,1
1.4232297561777796,1.535923806596239,-3.7979277087942376,18.001035934551695,1
-2.2492841836757385,0.365092442997496,-2.3441716704139393,10.948550599607435,0
-3.0682283414712446,1.4497504267586456,-4.824476366333711,31.308627953978963,0
2.555353643797018,1.5755952589869295,-2.066913892194353,12.408711589418386,1
0.6646280239591833,0.24735592733166964,2.731418739186715,10.717790091855015,1
-1.4969730731131072,0.09496831342579708,0.17960527712578944,6.176892897074249,0
3.102303951045046,2.2763932398358953,-1.5190440683171191,14.157200850696828,3
0.23134926858571733,0.9237249331370795,-1.2826070509366971,2.3842415883823964,1
2.358594368127653,0.08988585015572378,-4.986463742845318,23.22890463658471,1
0.1350369628202179,7.907897965104998,-2.0019947243476413,55.60399274334958,3
4.121495849763974,0.08927562213663552,1.4645874163793051,13.003684891163957,1
3.510681684886409,1.7813385202502268,4.741944438163571,27.95596603963175,1
-0.497928296958147,6.17294711648543,3.470608269838994,39.44606005060852,2
1.9431419019087108,0.41003792543572054,-4.764050353544709,21.593812910407507,1
1.290751899170295,0.2301627918503774,3.9856060467483942,21.147214452631705,1
2.7372631150646973,0.19411260903601402,2.8319841329862596,15.327332916418676,1
-1.929846921160209,0.5420470589116647,2.8037612357098043,8.97170427873248,0
1.3721029199968786,0.15978480532734224,-0.4200424099642852,5.124117023377108,1
2.1168489736991756,1.767269204892275,-1.0199470704549718,7.090206155442575,1
-3.5174789728462286,0.09647469569929062,-1.970842711668074,13.736293297383698,0
-2.36651702533155,1.0682568786519553,-4.343051410456342,23.898968960737786,0
-4.078464355520201,8.569319830199902,-2.717646365063009,79.98151952478555,2
-0.5388136688891155,2.522773165015073,-2.5339636502197536,10.914961153922825,2
1.4350845115919246,1.4326231149298105,-0.15922930289798387,6.093887705457253,1
3.004714104192056,0.5484732496304778,2.4744440659669396,11.321058624831908,1
0.14818956083955037,1.4668337142285355,-0.26190171602053347,3.6316797487503525,1
3.2572310911425837,1.1231213338193013,-4.421555505528394,27.884269527027882,1
-2.7602029164297828,0.8329067419750436,4.577898009882039,23.10997337671829,0
-3.4067648787103093,0.2101183887905177,4.427243190941123,27.781294004036045,0
-0.11109539779323756,3.2653065897180715,2.851895431484084,18.38119628766973,2
0.7681308978786145,0.8961682946891734,4.913279015642205,23.325065840222933,1
-0.06538949618818622,0.32466627309212037,0.444823328002629,3.3517527674887306,0
-4.134884200079753,0.6877277750744029,4.6276835025320615,33.346765351177176,0
-0.17824007902557681,0.801985401930201,-4.243949593832492,17.327989332086467,0
-2.6089390010097064,2.6363666266358,-1.3431925173862869,14.616540492316668,2
1.339345097660077,1.9842154842889173,-2.746187319932342,14.545135546263642,1
0.7331964921936965,2.1999874892552875,-3.0416691586572995,14.458220506070846,3
-1.8797595726547105,0.016638840032300796,-3.591970511073239,18.80305573270303,0
-1.027733834673387,0.807177039661463,1.2241364156599666,4.961899030859499,0
-2.118427043777903,0.9847720815572409,2.813218557473051,8.607335635151566,0
-0.12535819454634375,0.02906825919966945,0.7829839942036063,4.943846781467796,0
1.9102846410024765,0.45127905603273943,-3.530372904117903,12.334358721962376,1
-1.9714520926710875,2.142487022571567,3.1112376993347084,19.036112576923696,2
1.0080930310356888,0.2212015760008339,1.3595470716372846,9.22392332982079,1
-1.0605152367448816,1.1495775678972873,-1.118342938730045,4.548533494621231,0
-1.5857456645246883,0.3634931341153407,1.7413029553606298,3.504859468020019,0
-0.21406071990911565,0.01829224537316643,-2.4009502075716718,7.589205929996481,0
-2.070484644838748,0.41402844277544903,-1.548077915057895,9.24155463640562,0
-1.107298610694364,5.586682534714317,4.174858431319903,41.74128246550826,2
-2.395755785177697,2.425729736942321,-2.094954943285796,12.377778787695139,2
3.9294502658327786,4.81252132528685,-0.30011731842063405,31.82283168942993,3
0.07052710394345722,1.003718436166752,3.901411373960146,15.815195755065016,1
-1.3994510159851712,0.17435618129278876,2.0772135026752743,3.0392938464071015,0
0.427959821468444,1.1909752155025417,-4.3779677383529725,17.785007448846727,1
-0.22465609938165965,0.9087414466303927,-3.526969557210297,14.054070294686793,0
-0.44193919906644596,2.790286331099714,-4.921584092280832,25.89247381184449,2
1.2283334000868504,0.15484847412993574,1.3092179022916337,7.7482574813873395,1
1.5150154200946102,1.0048526034447693,-0.5232657458958165,4.0779433908057765,1
-1.061002295221055,0.24386427557688667,-3.6572514909772447,14.374523486462223,0
-1.15163648128936,0.5888438925205567,4.579341210567705,18.465604885103637,0
-0.550103394303288,2.0054398170371863,0.2965972394561991,9.20511845406042,2
-4.60384232947117,0.9694472899374267,-2.581067058871108,23.344838088979483,0
-3.0303821243971045,0.707138844632389,0.006035711547075273,10.705307948769924,0
2.7337485348890493,0.7524923102378673,1.796203327351078,13.478747924101354,1
3.2899354270025674,0.9227432413753849,-4.237607820264355,23.989680758358602,1
-0.49807207911275664,2.305791302841696,-2.25296184952108,12.745961464020045,2
1.1531139261115328,3.33961277448562,3.0696549088399365,17.3089303211762,3
0.6225003090870722,4.662837094533449,-0.4033512959733878,22.57038562323662,3
6.157761616910475,2.319014445683546,0.46577142032294905,35.299287669906604,3
2.2391498228691535,0.5683959384060769,-0.6718399779053073,8.97304009249078,1
-0.25583518296153307,1.7477759020215307,-4.561000573569949,22.33632360066088,0
-1.9110808812008515,0.8633212400473408,-3.3425022017984407,17.60007864266605,0
-3.212892640515145,0.44089356037346655,-0.544583612581091,11.489204126323308,0
0.4069272717344462,2.7570655892858675,-2.9081453459207216,16.11632581944291,3
-1.5127014905686067,0.058776175115634086,-4.500209713403213,25.124563153243013,0
-2.8445074191953483,3.480543139560558,3.4364966405182376,28.55146336800729,2
-1.2931457684850531,0.9283889022589193,4.811925291641158,17.85302520446222,0
-2.16309600722879,1.520861447001836,2.9314287399673944,13.04820100246903,0
3.3742832701451295,1.6153668535743932,3.53784921704667,23.015833108268815,1
1.763279513898901,3.382375347088531,-2.580228696829546,22.567594971910314,3
-0.015945282633234744,1.5186643380064067,4.606269755131997,20.88872311225777,0
2.9598882777800517,1.427618796166308,-3.0307429554657164,20.054094596504527,1
0.1547366152952366,0.10346580117285811,4.514298103618323,16.068985533148854,1
-1.7225684026565273,1.095987062983827,4.94819293965951,23.745941078564645,0
3.0462481545393145,0.24407666063493225,2.117228057460487,11.022153294510774,1
1.0778200873693173,2.0058778787141174,4.8114373179182195,24.694674881973302,3
-2.074492308652913,1.0768420984881426,0.6953977956710364,6.583964362350664,0
-0.3806773561672164,1.7102195200072625,-2.404582168239097,10.211336669036697,0
-1.7512365067695144,0.06384917912453153,-0.6300411433437914,5.949509807689498,0
-2.765599461928672,0.1329059020027178,0.9356093537878598,10.62959658989962,0
1.8523550950632828,1.88988056997439,-4.26918437972985,24.807859282919868,1
3.818833280940261,0.11222164445193951,1.2234326461724612,14.566829957151468,1
-2.7971351476382824,0.11088439030351813,4.811778367622946,25.475966550984538,0
1.1259384733811417,0.018273570014693957,-3.098923502162724,9.40430498379008,1
-1.3012851382436539,4.702539729329684,2.925951162883833,26.706487253271987,2
-0.9742507675293921,2.0063040645234915,4.078987937796194,21.894391613128718,2
-1.1847878484777383,0.6536964536005487,4.437015928202207,19.71390532474921,0
-1.727981539359632,0.5276069718451482,4.601356044054473,20.702642410489076,0
0.09704325588965398,0.6454896760003201,0.2145963872147192,2.2267408187255597,1
-1.6619002328220756,2.2351742995974755,4.773079079915037,28.797741583038267,2
0.5409136515596776,1.6242735264427548,2.5731020713443886,8.193068290739944,1
-0.1004762188982739,0.30721073266499943,-3.3832856376303813,12.964778104207818,0
-0.4778960937328195,0.2869393221825329,-0.23099893532029991,4.211424217235027,0
-1.8151273240831958,0.1553692367915092,2.18331175372004,3.3998489930413958,0
-1.1535426611366655,1.6195506150502692,-2.526596841809167,8.945679132733744,0
1.510782451651512,2.1682556988355737,1.406151835488874,7.845284220830867,3
1.0018343752487615,0.4619219243303854,1.666004790466192,7.68902371444667,1
-1.955110489597102,0.03175112767742269,-3.3730025619143413,15.574190394137137,0
0.19866461085845175,0.12861736118540415,0.650853124527563,4.241975037724365,1
1.502774246743578,5.156482504256015,2.7162691097860767,32.41027652735764,3
-3.3388105622427435,0.525282847955438,-0.011043354640580816,11.392498794033264,0
1.08672038475987,2.1994560649560304,-4.878968832238925,26.246778257673153,3
-1.3252475178916934,1.469898758232057,-4.909615309207078,26.336010973903743,0
1.1411973371863187,0.7217537337439887,-1.429706560299878,6.57279400165121,1
-1.5265183130850337,0.3454170284338553,4.261940684317819,15.120650432286114,0
-3.609764201329038,0.19411513358565174,-2.713232203963912,16.318582662270266,0
-3.2550848757663253,1.4318184427192209,1.3436368887168717,14.813967870507014,0
0.09616989332276399,2.2350428375113767,-2.7792412930667942,12.328359402739254,3
0.5194450034429637,1.5488334503455634,-1.783300103404514,7.174620799027356,1
-1.8086332502088172,1.1334984415297087,3.4804208960148397,15.594236042403255,0
1.2771849175547478,0.06428488096366355,2.288614422699469,8.147736030559338,1
-3.3230401245379197,5.186117294630331,-4.046007226867894,46.361225231627145,2
-0.13215959729463314,2.40454417326654,-0.7129797901356643,7.700101700876945,2
-2.4220323995249133,0.5197093929564709,-4.7083023635473555,25.7682636670824,0
-1.3036722156043183,5.865810859075827,-0.19109853396991028,31.03179914896241,2
0.09479734263282803,1.38150870670422,1.6243401170106804,6.421332715264164,1
-1.7208267305679048,1.3099282530672756,-3.814973764018484,15.810878960417883,0
-0.7691110884596507,2.067924942307522,-2.1111506109083433,11.391437046408642,2
2.012585618428881,2.5051343007658153,-1.0216337449784305,13.43714967809244,3
-1.1537837390462975,1.6027588361220744,4.1953102465604974,20.19506869085093,0
1.6713842241302836,0.20561349297057743,4.93255015422964,28.219203006738734,1
-2.259413709315236,0.6193408384732624,-4.550887010043842,23.39180880245663,0
1.0596083558305656,3.9483772596363096,2.61007923495392,19.873540544523774,3
2.8831372413158007,0.3815945818064159,-1.2827593359765679,9.649194186706325,1
-4.943289000254579,0.6982216641190195,-1.0754181377051997,22.426766709972,0
-1.5937905109409536,0.8486538400780965,2.5426497334702267,5.12763390753496,0
1.15414425436108,0.8681348113849994,4.184264321454087,19.62349007990301,1
-0.4060907720859854,1.4237617208283477,4.509285945025484,19.109754070919532,0
0.7422917467426177,4.299053075670294,0.7712258603832076,18.112733730606216,3
-1.2079703734316412,0.41302308641127966,-1.428788406994972,8.812791163423107,0
0.17317957494579983,0.1943114070074285,2.875490858587792,8.75788163957333,1
-0.31135447078415895,0.32997997784079713,-2.4899861673769976,7.6318613899699,0
2.3355641233196147,3.269554621650828,0.6407402883351772,14.22129861094243,3
0.5088416866024262,1.5568861216143417,-1.4142153847512686,5.131645715606966,1
0.6752053241504044,0.5051126668185275,1.5663107370787612,8.190689548989427,1
-0.8237539322449348,2.5387967816620804,-2.596010871064931,11.167310784363874,2
-0.9752124481449871,2.963920108799543,-3.0840705426517423,10.748307768349889,2
-0.8651163756392418,2.811222191971613,4.182390866754371,24.62045116764357,2
0.7889042847565937,3.768599314911348,-3.981963170504631,26.63600444109167,3
-0.8419689616405259,0.43601185862192315,0.059579077349316556,1.0000000000000002,0
0.5795497137928258,2.110002331234583,-2.791472170369911,11.54139629912891,3
4.150801597290878,0.9257785617781713,-4.610700366743325,34.8420792427341,1
1.7422494068633847,2.7677266306101775,-4.639811817085736,32.50303065015014,3
-0.6520470643356823,1.955638202902135,-3.2477822789417266,14.06797582110864,0
2.4024278443278897,2.2471631307983895,3.667703545060002,19.33011087034183,3
-0.8161507460431028,1.6013762860263139,-2.1752125602297334,9.673812881253529,0
-4.076249070355708,0.29298029643591883,4.504591705752958,32.967281938862676,0
-2.016172621834808,1.181275536288307,0.8162229298919357,5.859859900935298,0
-3.7415838420517114,6.266889892525418,-0.6338581023123391,41.36319666539174,2
-0.7030269680826173,4.156199082011149,0.8008883466945456,15.063345907333993,2
0.0368367583791034,0.06620016917637911,0.16698385226267742,2.379951195643538,1
3.3528746245505654,0.27015270172613237,2.5877625375732514,16.37861786307718,1
0.6538547475283253,0.21187671022902788,-2.1750393402714776,4.998584467499879,1
-0.4382010576177285,1.9418307810905804,-1.469496083996976,6.566976766150695,0
1.6588111623669783,2.5538546710437693,3.9409430253325066,17.967901358295364,3
-4.42227061801577,0.3602655125250793,4.464565131504054,37.00689664458224,0
0.47122911621713187,1.0573824207592935,3.9255822748647446,14.4450460318779,1
1.5417303877739337,2.7554776057167056,-0.805520060426864,14.164461111373143,3
-2.957172491559683,1.9796454279707647,2.803655030068817,17.361484716428087,0
2.287508086413858,1.1721062174306924,-0.23664266698901226,6.6812444330751095,1
0.6769928149888282,1.3386697568550483,-0.024601478538977872,2.3992172200228095,1
-0.8305758278016026,1.065014475102609,-2.9531989094271607,11.345009546286015,0
1.2655637322125697,0.5297682750024308,0.911303032585165,8.33338667130715,1
4.541385715608792,1.2486897112022333,-3.138641022466521,29.25038987864148,1
0.3637325101169903,1.7513904466452188,-1.6843530093280625,9.248179777512249,1
0.49644117260067216,3.0991711126611787,3.5503020161993515,19.5019538905637,3
-0.9187217990804882,1.5171032323122815,-2.9292419078914476,10.36522329889582,0
-1.6996887389295836,2.147700569378289,-4.288417148265672,20.627826462323654,2
1.6606716330884912,0.2616580057336857,-4.309924073871837,15.202299133077599,1
-1.7121676518177344,0.928611777999564,4.407845205031078,20.969332709858598,0
0.14313247443878493,0.014063148246684235,0.06920437961834658,1.1474668858433434,1
-0.9553148935302334,0.42489550103680035,-0.9058792818298169,7.414090101457027,0
0.9579596514927837,1.9444705284169288,3.1087858100791834,14.408362698567037,1
0.6673242105738966,7.207253161329208,3.3582592791051606,55.71848516179362,3
2.0750798885157984,0.15667156456663917,-1.678089668843954,5.312342549600807,1
-1.020032797709494,0.769978885082129,1.9361805747379526,6.354355589258134,0
-0.5397498705867425,2.4146892283526222,2.711228158518866,17.936239264540532,2
-1.9575274315646147,0.3423012918923456,1.5465068686595451,4.405431993155491,0
-0.8885865201522232,1.2148078685214236,-3.4840492519990063,12.455790116258047,0
0.7546009860897044,1.9811605238522034,3.7588308351705706,13.497001211855398,1
1.5139772332907038,1.4356122557471487,0.3909455273600866,7.637016434641495,1
-1.8443306483552508,0.3124281009501751,-2.1752757362999633,9.097874544958572,0
1.7392118402113204,0.658652055784486,-0.747718145623061,3.928292223936122,1
2.711275717609902,2.2972700623409814,-4.624289096010926,30.543987226503585,3
0.8268698064474017,1.2119165027942647,-3.7213319877758244,14.699191613370134,1
3.753591625116132,0.007865003751367464,2.655467505158608,18.057319526636018,1
-1.547578398207146,2.1468796002414354,-4.999883652446338,26.15185710393883,2
-2.489309406622834,0.053924815967331306,-0.8343417151770787,11.454775647042316,0
-3.557440497808557,2.054060192029566,0.2251018108558842,14.327773816912012,2
2.992088622978366,0.3393736029778083,-4.453655799990277,23.634277302544437,1
1.3087313127081155,4.757755079339679,4.730781629723328,37.72656968240578,3
-0.11116934182091014,0.6881582119344051,-2.738746687503281,10.594211347407914,0
0.5599372526396406,0.5938625164550345,-1.9580128036371915,6.468892811981105,1
-2.250978094596753,0.24181741250267835,-1.9605748774497265,12.731779971411578,0
4.891503959233653,0.5470697795232858,-2.695833378826501,31.46167216891019,1
0.258442363950455,3.139103418264958,-4.985261779136886,28.58372066016584,3
0.21878958920978578,8.413119346063585,2.2934479408799637,63.50903988062069,3
1.451533247797384,0.6890336524031702,4.668454997992853,26.319319224860926,1
0.9620184634734265,0.8929710907655543,-2.757065167149549,9.648689267999405,1
0.44776804855826274,1.9205840568673644,1.6304719180342246,10.267886366653364,1
-1.5809489108906238,3.259913519194521,2.4189632695871506,17.94794781012216,2
0.9429367142719914,1.348576543017925,3.484253790905248,14.064415102359355,1
3.7640489929500673,0.7452008991838972,-0.7737080298639087,14.411817272482464,1
2.6908400923099554,0.7981296647255058,-1.9706909435957076,12.164529591435802,1
3.186373253278794,1.7842084031337664,-1.747048659769689,13.866174856881912,1
-1.0224313528623703,0.004835180028351938,2.126213330985128,5.820472915832958,0
-1.9792096405171618,1.4497558783388778,3.167794665056361,17.01169524976317,0
-0.2515738401992963,0.6589044175946244,-3.1838603224339734,12.759172781449745,0
0.11144982457738921,2.3712562321661936,-1.2905899184223477,9.179610634030224,3
2.188383036941897,0.14640376348478407,4.0194019674915005,19.973343330455275,1
-3.3849292594296387,1.330834484066755,3.0669351969473926,19.171677393248192,0
3.0591006389212274,0.9836987428404171,4.848584027624758,30.943637667515354,1
-0.31601579715797884,1.542197994711967,2.5424825968208076,10.961701681802662,0
-0.8537621398948401,0.1005782677660228,-1.0680479897207773,6.130556138745089,0
-2.024208750520335,1.3011929506322164,0.9063783399463778,6.835867840826143,0
-3.3097133437315387,1.2365404809043208,1.610142542473203,11.545309260541037,0
1.6463411679238291,1.233722839651026,-4.21544183682876,17.156536072528098,1
0.14663593437680777,1.3875721990611176,0.4449695910386513,7.545350152502272,1
-2.5799217994821078,1.6926855867356312,2.0932082847260958,11.82618370818271,0
-2.590157544127232,2.452048965173989,-3.326786959989396,20.234745802789956,2
-0.6715693985802564,0.47169777918937394,2.8063171742555717,9.348451643154766,0
3.338043050578786,2.6148775332168466,0.8377278051411166,15.692940929185864,3
-0.5191827027272096,1.0344969243894142,4.522217856975946,19.153604946275046,0
-3.0062859062362124,0.1202837811950537,-4.575777017931083,27.78724155877941,0
-0.49148612817188864,0.0905025391125864,-2.3467386244453303,8.78464740914134,0
-0.545447139495341,0.6102352625403823,1.0155387929982407,7.637142008271352,0
-5.393773285883143,2.3049572840955124,-2.0344008779406932,31.482382165235265,2
-0.10858973303562441,1.8448640760311763,2.144241640712422,10.791913206786214,0
-0.4618690604173559,2.3311109947103965,2.59005282521931,13.077829783189049,2
1.3924127296268367,1.0924437498227821,-3.9748403593352553,17.250478139246034,1
3.6979121898906904,0.8702608678468549,0.1385446420676768,14.551680215224028,1
2.253130059095515,0.23928957634032427,0.08890555591055893,5.958085818269323,1
-0.5377773811096611,0.596675722998548,-1.3071922978445896,6.213305460752137,0
-2.2130518174833407,0.8537931258288498,4.329248625696721,17.161836511531597,0
5.146719606499721,0.1391608074038426,3.2750631987322123,29.67112443201438,1
0.11843686802897652,0.3738693329709195,1.9720938190963677,6.816933009352488,1
0.027858583825892406,1.3677956706881413,2.143266357349976,8.88940009203926,1
-0.048250174220006554,1.9957963603645514,-0.3828385618688088,7.704210604634739,0
0.3961695215357099,9.608209320951214,4.209945210965758,86.86195124349287,3
-0.28872082384788494,4.057133406606473,1.9459542725328536,19.266435903086155,2
-1.1473240137604725,1.5432034647043087,2.2898106165581646,8.364700179597344,0
-1.0937178824807843,0.8203219649228966,3.6169090378734516,11.453262315337993,0
-0.06550654043199677,1.5166331936697817,-2.25928410657809,10.447870917313988,0
-1.08684954226753,2.310228952114639,3.0707090386670295,19.19215776163736,2
-1.4256915653543287,0.18891669672905104,-3.04759397043508,14.247685296547091,0
0.21286045538379367,0.7912073267545934,-1.5465804775511218,4.937802914931393,1
-0.5099544348417105,2.747019767757046,-1.6438954573015732,8.32344167879527,2
3.007985977165377,0.7263557554273699,4.785254683891406,29.947790222410095,1
-5.301939616786024,1.2725005443150676,3.5653722374792682,37.25784172358391,0
2.1830137038449235,1.3292584237976084,2.0116986159025974,14.606183309591074,1
2.492170384995258,0.3058871069255264,2.270567616153901,12.108614621203602,1
-4.146780464816299,0.6746791418233956,0.6207279440257105,17.30443973720933,0
-0.6853751881606975,0.6108504061329525,4.47090667108519,17.677461124793872,0
-0.7428817319915829,0.03981893282200442,-0.0374124711763848,4.428626799792483,0
-2.8150233894356425,0.03673378690579548,-1.1948229013010545,10.595741281608156,0
-1.5556333751817506,2.672984418208709,-3.36964663068409,14.9100644621162,2
-2.2211516909316575,0.47838930964505255,2.8620565226105796,12.375240369745823,0
3.5045408868472454,1.094961890577781,2.3444393207559147,18.106562652089565,1
1.8713567862949223,0.5322839851198395,-1.1564496147586514,3.387027290963667,1
2.5431101899883175,4.237194054237785,-4.748065860407706,41.828725181930025,3
1.4433441280864703,0.4502328273008915,3.3899732771801077,18.03107863292375,1
-2.2581035424344584,0.8422755246278857,-4.885820165459264,27.484362210998995,0
-1.0490405325595473,3.092169649673389,2.0369977962905095,16.984754619184805,2
0.9787491224558361,2.7671098064731927,4.70257109726057,24.98529113781881,3
-2.4442556177838908,0.30887926903584295,-0.6233867185179651,7.6046198673805625,0
1.4259968603447761,2.434113865873191,-2.650265950040472,16.756504998776816,3
-0.48065079631627006,0.9192512197236824,2.0487101004338175,2.8444311310559014,0
-0.749641615099195,0.9894782963306888,3.171281420155852,12.030614460725236,0
1.421919936406983,0.21490508534685399,0.46430316077847333,3.5752013497502846,1
0.8885266229720795,0.12605346310998505,4.670352752561461,24.95102555825417,1
-0.7219323316381598,1.9525951521771585,-4.483312783420389,20.414083835201563,0
2.318659606728496,1.0291416218952751,0.04795598304528159,7.602533902437255,1
-2.1621266551997946,0.8613157562116969,2.1845394732255006,8.168214726226587,0
1.2318712138885275,1.9612704019725569,3.626404711491789,15.593865535365984,1
1.1862025159367675,2.175532048451078,-3.2074438809220993,19.322492944529976,3
-0.6190928786279806,0.2595816461405992,3.0000348176368146,4.654130765940531,0
0.652266044484236,1.4132790193752705,0.5270707571854523,7.105348577306559,1
-2.502227152770606,0.21815279929181208,-1.034463180100368,10.498666720328846,0
1.848054038413802,2.087714831741024,-3.6828497142090644,18.905349916135798,3
-0.36980427288597806,1.604841150923916,3.652957589089125,13.637827623591,0
-1.045446041038079,4.7064491789404865,-3.4272679182028467,32.32873643935824,2
2.0980184516737785,0.10717636126279842,-1.9021214079090076,5.122101239440318,1
-1.4086873810855185,0.0881205402372562,-2.0995446803756312,9.00069285094032,0
-2.8169225927271193,0.49731944039229603,3.714140341908543,20.676974019149522,0
-3.1132583470478075,0.45511909703457476,1.72702994208898,13.261060901382914,0
1.2120199026912792,0.42549284444359087,2.966813971913723,12.114933682834963,1
-2.560858704992566,3.5507587113244643,-2.49532101207501,21.21989817503906,2
3.5095883639687293,0.43061578284540997,1.248740996069989,11.295886219453719,1
-4.163858815767444,0.47607776348129216,0.7174598314374867,19.921954964880698,0
3.3929127365800764,2.1369183803957417,3.3283037678827103,25.80014341047895,3
0.4220349344052368,0.8960461482975856,4.060870604812605,17.936203390003925,1
-0.19342622374078478,2.2489295973876895,-4.878432285226132,25.28194560224484,2
-1.0898381736178995,0.10140065814288773,1.7401991905879264,6.332888677122176,0
0.7982722287041417,1.002890238155605,-4.48164200880271,18.41828613341408,1
-0.07526940484969673,0.051287287406924745,0.48858665077355923,1.205640035980013,0
2.206603764033043,0.09705292726594789,-2.123672709563218,8.43695908405011,1
0.2284552973240793,3.553687677218226,-1.932234004778588,19.33516821191244,3
0.3006035229237552,0.22491869856966756,-1.4704149654764342,2.3467793172017126,1
-0.7272244244277117,1.1402794215933147,1.2129244904961016,4.197673087110416,0
-0.11389124744213491,0.794237132877842,-1.659500343312308,6.406098489691082,0
0.6156035377841184,0.6400560833918049,2.3269905059028044,9.003662092798535,1
-3.420336785313251,3.4513799055132406,-0.9547261442613033,20.83309894938751,2
-2.696370844211426,0.0330975740325023,-4.316467996900414,25.844177116298674,0
1.48652818804543,1.6350275712490343,2.8375984248410724,16.219842896816424,1
0.3417308762558837,4.96133246920255,-2.14241675407294,25.479308183686467,3
-0.36796667270535827,1.232044290421278,-0.6723312040073735,3.3767919379889975,0
0.03686786613078632,4.142709679378679,1.8544388322190155,16.3024295732952,3
0.6951634107233421,0.08050925744373608,-1.67543842851288,4.032115772864536,1
-1.079519360618723,0.8139732784459441,-4.4341434385328435,22.967772787152384,0
-1.5566094508046253,0.45197751982603307,-1.260789529871864,9.246639298524386,0
0.3916905101953631,1.9685678446097106,4.444485826943033,20.7185641326097,1
-1.956745555230064,5.968614268262524,1.4173439729855817,31.43017226581435,2
0.8165055114289437,0.4446404213754771,1.7147914866720697,6.068619425678142,1
-3.4051672084756808,1.5927318897450475,1.3228215363763987,16.381269115531158,0
2.0583112746512873,0.33115262270141943,-3.010078610405632,12.068240207709465,1
0.945194964826086,1.2497531132219375,-0.8166613589771989,2.428894052488148,1
0.5120594686277513,0.9352427522584827,2.509397983633183,11.955607473034178,1
1.9653819678910278,5.363611696362173,-3.9862710244684085,39.31713984104432,3
3.3309488889251533,1.4067591420566,-2.2214722391028774,18.986889252910593,1
2.028740130036261,0.6450356651293658,-2.236808915341464,6.039183423401386,1
-3.6817484626632906,0.18171966536343026,-0.6798107240549403,10.698006947122803,0
-2.559153933471403,0.24598029558215442,4.803687409421851,23.838578190584222,0
-1.2496371553913577,0.38295191271132345,-4.324974533161781,22.06287109180994,0
0.05218210042166757,0.43345767834205473,0.18700994380595048,5.889378282628268,1
1.035318040938246,2.851853241394666,-3.2063531798778957,21.48388124438775,3
-1.4514876263069312,1.235645227675192,4.706765454097441,21.33976203195431,0
0.37353352895415665,1.1115879671781652,-3.866964952725358,13.388188316356413,1
-1.510765864706645,0.18285975951194686,-0.963989976384088,9.55665092090198,0
-1.2230356059838965,2.9506667462326313,2.3788498483460616,16.404003262376182,2
-2.8133221936964445,1.9246014178107909,2.045544280274453,17.885222847670736,0
-1.8464664922218086,0.10510003907927445,-0.772713631060677,7.483161006042217,0
-2.7033692112326673,1.8456553509036815,-1.5347583204728177,15.077298472831965,0
-1.9517465059546655,1.1763754509260758,-1.0238762144712945,9.607149536116514,0
2.107283593215679,0.1278881182045024,-2.357237368413607,7.835319407063344,1
-1.898797777663886,0.9195661809100537,-2.946670612932002,13.96228584479253,0
5.264764129674782,0.9944982276224026,-0.1696030244111002,24.6914805601473,1
0.9866358017617785,0.2718773664327247,-2.314662439323927,6.086021410312206,1
0.3696722473897478,4.3697953910992435,-2.125383351027499,21.63075092233076,3
-1.7167155603624271,2.8454337123520275,1.5675606347455702,15.039995261060557,2
1.4006197588179827,1.6585565853903268,4.685373316998922,22.868272942967536,1
-1.1512756524755479,0.9306693595033285,1.0363720055937513,4.259601330340368,0
0.24401962929072288,0.795944507635266,-4.230205329350337,13.40734507535315,1
5.120169076537589,1.5789110014710879,-4.24416386145933,39.45197955360959,1
-0.19211979944929974,1.1826112114556886,4.51423220845566,17.941315852123413,0
2.2985466525713516,0.09644479504068984,-2.0270920969266637,6.17344531553389,1
-1.4063528502517748,1.0777056329010533,-4.079330139175246,16.949521170616478,0
-0.0699769809939234,2.4629696825521985,0.990445871503816,5.717512019295503,2
3.54160127127102,0.9221692426983451,1.2364877829026613,11.690914634389795,1
-1.2539341155755348,0.080032460262674,1.4850482011868813,2.126074889782246,0
3.6248971159938574,2.3146201602168555,-2.325979721424587,23.321351816950095,3
1.4155038709109509,0.33727460052881103,-4.848893157855249,18.925707924894706,1
-1.1249335517885353,0.44886463612255534,4.650153694544718,18.424725330621037,0
1.264815478111042,0.26995791512610245,-2.491069543088975,6.809645163003584,1
1.9451088992534598,0.6011979157075713,1.7602628805254747,10.91053271049153,1
1.2436199244343928,2.1205076217247742,2.0662986987870955,9.25529696334488,3
-3.140449439780913,1.0990358002860643,1.1000741707948567,10.518473438054503,0
-1.4542743516497372,0.3438957521806326,-1.8709260578635178,12.293575209441627,0
-0.4950372711030095,3.1535136018982315,-2.2890374623593424,16.113439502648486,2
-0.14886685820009257,3.1751775766197516,0.9766828270270311,9.176098568960677,2
1.241344195101356,3.067020270153655,3.6609563361169144,17.14926501904447,3
0.35540200186650767,0.40928124961038115,4.4673372892339565,19.017160711086213,1
-2.6706887174202025,0.9001393446484396,-3.9409419559624235,20.3241634386217,0
0.7603957020119264,6.298523587394927,-3.4517138740228015,41.61224105102794,3
1.2211714905676463,2.217696558274168,4.447362587830796,20.167480409468716,3
1.1195808958620797,0.041314917955322286,2.365352283347926,14.220014028874905,1
2.1615614511092436,0.10114138172866577,3.829938248297731,22.136144495364334,1
1.6678443090978081,0.9352396466565943,-2.973673658646568,11.043931283885577,1
0.9183601584568734,3.5989778244805213,0.8758587110940184,14.139222082986965,3
-0.14033142291729406,1.1605658790058808,2.011395944174737,8.616658631676781,0
-3.321921867031983,1.0331726085733381,1.8011188544697267,14.10706511069551,0
0.8592364382651717,0.16719146177490662,-0.9184830913330186,1.25477219306175,1
0.4153753743262223,1.6040759146964436,-4.846051083086915,23.2144102050074,1
0.5431576743907469,2.5898271759452993,0.8292605680426313,9.23567668112748,3
-2.553497151640619,0.7180701929507763,-2.4689846082039124,14.483471739486141,0
-2.1621130808165248,2.2415668775075575,-0.49745753857109687,7.415625457295618,2
2.106305706665807,5.006347743078147,4.575810150838173,41.15512646114003,3
-0.07911030771331008,0.34179411467011966,-1.009646823575653,3.871445314353864,0
1.3630013947452488,1.1113951165532034,3.398016066644267,15.375110100793487,1
0.056636752260922345,0.5077010503335808,-3.1145939425074887,13.449724755014826,1
0.05951227899149038,2.361500164826211,1.7246049802502883,7.247449309996263,3
1.8765676119519954,1.2926802614094672,4.770069544389434,25.94861950011688,1
-1.0320894564347478,1.5100717767499139,-3.9810689912706323,20.1010127034815,0
0.19224155388196673,2.3985940791765996,-4.91680057772808,29.83484426328721,3
-0.924550577410085,0.7561982938826706,-0.664172073673857,4.781485731293939,0
-0.8689924548646312,3.699246318919448,-4.073745169486328,25.506066460119605,2
-0.6183442469372787,1.1422317561830717,2.4838434967623133,9.105220937601533,0
0.4442675432674257,0.25788241738397755,4.14548663848559,17.89229733476514,1
-0.9574972433269546,1.785593676744582,-0.6597902729124119,5.955596565721862,0
2.5115122511470416,2.3644497688859323,-2.4128835784455904,18.463269102145766,3
-1.7892146044390078,0.5713673171935655,-0.6559668099339024,3.535419531938577,0
-0.3737432883227181,2.9192474707700433,2.2344781785000105,15.521722094303227,2
-0.8794621165483498,3.54897846904675,-4.90945838419629,29.69981594674396,2
2.8939557687074657,0.4863209393556966,0.8945398948469716,10.286120803396397,1
0.39310955302314926,6.1585456834226076,1.1329168488737906,37.21635336782701,3
2.0636890789372697,0.22747588557075826,1.376882468959355,8.976899741973817,1
-2.971120746073944,0.3384994744720137,-2.579779200191228,14.764728928744322,0
0.5341005317385177,0.3054247504013576,2.1405272337812677,11.242838680766186,1
1.779261591246874,3.366328671276199,-4.086085136682236,28.509337160295065,3
0.16456797855084837,1.593243582802055,-3.0072966353319917,11.005960591714157,1
2.1309607501307024,0.24749643937545568,3.77470046654482,19.6849877267004,1
-1.0345769002007443,0.8705942923348079,2.387231507265664,8.326070586398753,0
2.81869488037116,1.4329295033219427,-4.862544459886547,28.92439927659588,1
4.5977962472385006,0.13073103800048602,-2.5162373963019977,25.018533667254385,1
-0.7256771208793181,3.2109081605134095,-2.8559351700683546,14.667932863497082,2
-0.8910050428015436,2.441429826680412,-2.2919367196302742,9.424406977935814,2
2.906768954235402,1.0554229921227543,-2.524402297201136,14.691490688455232,1
3.1591442914614247,5.1226378845751315,-4.374737042571542,46.07244639268586,3
-1.0457200543065366,0.8113113405440922,-0.4105948340317962,5.759323873911793,0
-0.8403736341917145,6.213128064676761,2.3273347478616513,32.279162485998285,2
-0.5635692177210144,1.6535690574520334,1.0673172471743637,7.88750444961115,0
-2.688901022068554,1.5104365642402815,1.7287166859807979,12.833363462277307,0
-1.8373038929683965,0.27220169355995216,-4.188508214637609,24.010343081831202,0
-2.0082815335041357,3.2046879361320837,4.5149071017678715,32.995416726997576,2
-1.5355951302082569,0.8365867970253379,3.384918338430248,13.707751380624536,0
-0.06936977477356236,0.2655236167240266,3.0509031849566277,10.642625907793104,0
0.4684294650730415,0.019031503684403435,3.2298380504176745,14.549988443066784,1
3.1010009856281537,1.2306381625708136,4.327105081327613,26.67639591195696,1
-1.996708081477582,1.1242576719877546,0.4425396611369772,6.459688146404907,0
1.9686447969531675,1.9059897671206412,-2.997179821323741,19.99549357158791,1
-0.4279776884510179,3.314435408603142,1.1678360785254114,14.94376896743515,2
-0.0989274193048659,0.12410520027082424,2.42881493667939,8.062081318396109,0
1.3496389843332075,1.9723369406408888,2.3791739335402537,8.548653404401648,1
-2.2454440431245972,0.3112964912329037,0.21449024166880104,4.452544677812561,0
0.7648194923681012,2.9297637788528377,-4.315412806664219,26.77632948509199,3
0.3329044164261122,2.5644138219165065,-1.2888706156987215,10.282087854275058,3
0.9849025280162982,1.1673837514486507,4.207666084633573,18.36433709625497,1
0.5783372878156362,1.8580679149680939,0.84448909757426,6.274722488711689,1
4.9106002798217885,0.5660822259170947,0.3833194325571343,23.297842223492825,1
-1.275479968502632,0.9556264301841924,-2.311464856178065,11.708188530514969,0
-1.0619939100036353,2.585900858938444,-1.3155108008342111,6.534421855505608,2
-1.2462810528495287,0.9222394776361238,3.9534608915316927,14.840057648380238,0
-1.1109542383205093,0.6642791942798344,1.664630475268357,3.0943520630601276,0
-1.2747742546130354,1.0224578311272965,2.873870267523328,9.20242601513387,0
2.3780330622151036,2.642566492901136,-0.4565457693234487,12.949167176839135,3
2.8410084959797097,0.6124217106965005,1.3024721945615791,10.622030695888526,1
-1.1414925874989525,0.2863078784119434,-2.516163912567925,9.568338973770889,0
-1.6647111462084574,1.8672652226029254,2.054608302834863,11.639653980144622,0
0.9428311127728082,2.622862159927347,-0.7239866629666274,9.769960899977985,3
-1.1044460885619425,0.15910361414713262,-0.5745448518525444,1.0514328459029467,0
1.2658636355110215,0.4114068274622029,1.4932232457688164,11.577159062672319,1
0.4058460417025994,0.22967780109125271,4.362806214689266,20.55005330525447,1
-3.031488229994464,0.6414312923340842,-4.359936533913791,24.572138456415747,0
3.0950104026601233,0.8977130218803182,3.247432373470076,19.106384729897695,1
3.5917553461910434,2.072416041725734,-2.0761688958780686,17.010500153569737,3
-1.2255773809687724,1.5796594883032524,-0.5608054549362222,8.829524148081958,0
-0.7754031198719683,1.4550459230233965,-4.78086671224991,25.70979586293722,0
0.5717307814498099,0.6516650571104565,-1.9895392216568695,5.515253278558038,1
0.66891357997405,2.7625047675514622,0.02631242630130437,10.654852503808417,3
1.3170885453456609,0.9559647660658892,-4.43823922652561,18.630914186582856,1
4.020409077532699,5.802363624892337,-0.08904270616834875,39.29820899936658,3
-0.3538944549880988,1.5082655655146588,4.2711062885842725,18.069344236045062,0
-1.5965944890769075,0.20246678577153787,-3.946067818921948,20.069250618399987,0
-2.7586384560290544,1.691339916766133,2.6444072807550434,15.768356370171785,0
-1.4618600798838381,0.5897950453794154,-0.9032894662400732,6.949837202712827,0
-0.06625394574759419,1.7391072960373295,1.5517371452433801,6.994869456869395,0
3.5891157270355754,0.10827735760431648,-2.3976340201477067,18.407402868980824,1
-1.0352225980723428,0.28834228568868225,-3.4050773745864173,15.31739426475061,0
0.447575903277797,2.9041785765271957,-3.3953738572877357,18.06052420966981,3
-0.03284579214550415,0.3865628149601773,-4.295080543568553,16.192824491597356,0
2.376786546896168,2.7213861181692476,-3.14353295098757,20.48918655157165,3
5.053864851747243,0.49124870906812096,1.6421938498896829,23.91411027203111,1
-1.0617375458406413,1.5445331516253522,3.81690611843508,13.502692667821155,0
-0.9788788850364443,1.776993552644458,3.1412568559116174,15.94879730237905,0
2.088321754138144,1.0781737219328242,1.8513430987448407,13.126759690523192,1
1.3637829792526228,0.5464358252834731,-3.895681365888973,13.203508322426313,1
3.693414651472067,0.3586128902470287,-2.1081255370405017,14.373743698178076,1
1.1678563706519278,0.05062892881584108,-1.9019312467753102,3.5062627667939736,1
-0.7185841815741191,0.543492917851814,-2.5004305360237877,9.959305292350976,0
1.1813096613846186,1.58834961913833,0.1500565970972314,4.398756524053119,1
2.2174071611658155,4.17832416886406,0.3555381487967253,18.97786189897058,3
1.640964362394728,3.0742938991445987,-1.431140248288898,18.8909706494648,3
1.0145480622145955,2.179066537121067,-1.46210841263564,11.36250023773292,3
2.133349379178308,2.329922015120552,3.2855559790608133,15.669145507443849,3
2.3385911808913455,1.6403695258825097,2.8929284831968562,13.008797649805627,1
2.7643179820750543,0.45223921994590527,-1.9220416831925435,10.30991659428961,1
1.2974197751792853,3.565882638292636,4.137884438732593,24.09347452447956,3
-0.3342361606337087,1.6663263261301031,4.528150170025061,21.73418134977574,0
0.29342737286664566,1.2329737318295706,-1.732574579699592,5.370854445959774,1
2.4130179330167136,0.17646929682639698,-1.4557505120694514,8.030489970300469,1
-1.6338713419744721,0.8887465850759058,0.05634153421958832,8.449761733023987,0
0.7373466177458023,0.9252747372044934,4.411208125336735,21.425050297363505,1
-0.7866776246547214,2.9988797877854463,3.763194331423115,23.243585554778704,2
0.057489645869634974,1.1866303484786465,-3.974320374164102,15.78507881849618,1
2.5569037252145974,0.7180230846713678,-1.0726925672858378,7.671262973420423,1
0.3821981360398067,5.645425740528508,0.5337118974977182,29.970928228294706,3
0.09287309631229762,0.17601569944013776,0.03132472551540033,2.0112312429985852,1
-2.7197122819598385,0.8236960479770026,-3.0613693206310733,17.23604190441103,0
1.4925071320544414,0.06439988746032212,3.588167711681546,17.647658642391697,1
1.2909683622821508,2.020057424494719,1.7694078299683733,7.765431749739764,3
4.32650944661092,3.7529550467458166,3.3790837485180365,37.07076828037046,3
-0.6155564699060017,0.49283387237102905,3.5876427934947213,12.220586140748349,0
0.43830065532787793,2.9315059432692445,2.483558536657398,13.054624067358516,3
0.4987673674215105,0.518429201877449,-0.6078939875028269,3.6897792287454654,1
3.1549065595269488,3.6248096769209566,1.1054675501542457,20.794807173726234,3
-0.1905910647739042,2.1034033374182544,-3.3963459388025683,16.78169945811938,2
0.5580430515406785,2.4514166507646578,1.7364541747490767,7.572473306535243,3
1.2157930194330784,0.02725596962124669,-3.2074674426071925,11.719428929379331,1
0.3732182463127162,4.937587458654596,1.9394959051015679,22.18511716191989,3
-0.8928672291010565,1.9456185782470246,-2.7040183924603136,11.857176857444202,0
0.38817998579661517,0.5452280420965845,-3.8244869984978003,14.234107627186058,1
2.147263499719544,2.6526035574073616,-3.3471550985704255,21.50605024750313,3
-2.0530305988221205,0.4959286164109787,-4.9800786478092975,28.420911079745554,0
0.265939348293752,3.0924476961216247,2.1873961785353027,15.171108853634808,3
-1.4002416298783464,0.17915601372164133,2.324010490583791,2.2854608457417767,0
2.390093257849685,1.8245032500662801,0.1493334991325943,10.579321587954455,1
-3.0463738095675494,1.167072556450883,-3.386371989446163,16.182597637239034,0
-1.1178436945431767,0.1522759822897643,-4.164456624893102,18.4568705840803,0
0.7544237501290417,0.415397752332452,-4.80871033562713,21.816669677096357,1
3.131048058468681,0.01872241271254203,-3.342518230347793,18.09879434041166,1
-0.1315005221459756,0.948834564990423,3.9085553498314667,13.320573958054512,0
-1.1103990533863968,0.5377261422557917,-2.5846315829831825,11.255864863673468,0
3.7623141388811803,1.368289275623358,-1.4572867278278432,20.3507760292927,1
-2.896027800832488,0.529105079917855,-3.9465451551866684,19.362125181339835,0
-4.397611913240164,0.5348390934370111,-2.776386952518297,19.79635841657681,0
0.8800289001066648,2.0391468342405394,0.1922457078020514,8.840064275959822,3
-1.0041084487052223,0.07401043985993304,1.0775268309565256,5.406487859868826,0
-2.0424656342614265,3.497943543286768,-2.5464768583378894,17.804027108800987,2
1.4167128945987066,2.868491297421114,-4.422678407748828,26.806157066433684,3
0.48760142754239766,1.653048269270118,-1.0896713087260137,9.43221615818973,1
-1.1281572614734567,1.3492299601145104,-2.657966290736659,13.77473846328222,0
-2.560608797341789,3.342643335664584,-2.804460767701981,21.969963971285967,2
1.7449146565602893,0.30745856412598316,4.598628027134552,23.196043560377042,1
1.300402355917322,0.12339264048615362,1.1630048592572404,7.616777821454092,1
-0.19835172755876582,0.4106888100514784,0.5687844317209585,2.8102059353658717,0
3.6932739920953317,2.374035353794101,-0.8422489647667808,17.976337380465104,3
-2.140169532652305,0.05292831524298976,-0.7105566656985571,10.639240291195346,0
-3.0510503418494777,1.3113089088293508,0.40905003838080845,12.842954484481766,0
-1.3838161397624889,8.084832163290125,1.9642980703610728,56.510602990761015,2
-0.09117203271099561,2.9037506157536535,2.0214609618182946,14.915901277155434,2
0.48667889864538366,1.1054783580132266,-3.2830609229455043,12.158745736401261,1
-0.48247211571265974,0.09863434822879727,0.0011275207662695408,4.17214214606642,0
0.7041107930285936,2.670103731490109,-0.8804190496589808,12.87743285361604,3
-2.503078848380888,1.3706103863155583,3.7052696626938424,17.642962907390636,0
2.887529208146519,0.18313789095422595,1.3141892121837637,11.280931745655677,1
-0.1643023567851376,0.14783769461169227,0.32504066415981825,2.08100430633481,0
2.2345916631762552,3.6057115961765085,-3.8460535782108263,27.83663399108407,3
0.6854506927554083,1.6593631660320767,1.0563788932341147,6.659292488516154,1
0.9135064383075678,2.6516554792836073,-3.8279609431976658,26.201178368696254,3
1.1395345604644078,3.167685556132412,-1.6279342443424794,13.41596694594335,3
0.8954171200346299,1.2721505055973803,-3.5715803518566815,13.8217566049714,1
1.2854455197350878,1.092994764467368,1.920736470243689,10.226899350119517,1
2.658305060264863,0.8443035631418615,-2.937478861638474,14.766705735064694,1
0.39304233940294026,0.5717733301700747,-1.08140626811974,3.2420611975088973,1
1.4180075151770246,0.8553220348247008,3.956747776187786,17.040697109176655,1
-0.17947138857445344,2.230031887000089,-2.956836166010297,13.502685929580162,2
2.8802344308989456,1.3816663617256655,0.0780506395877909,9.616601553568852,1
-1.3527846041185394,3.3457216584440044,-0.8072833883397799,8.104250626910638,2
3.6018808658216313,0.878808785882916,-4.818759589542703,33.99094539430837,1
-0.08031590128868682,1.4012604431479332,2.9275811357281274,12.447943089260344,0
-2.8615502042360963,1.4966886895363896,-4.3095409368540025,25.320771720384858,0
0.25620882982157855,1.3436191959892694,-0.25744979023046355,4.726962811048605,1
-1.3621033149497617,1.8191862188294667,0.6067829493894994,9.225728149587171,0
1.6812870979774481,0.4065982795749191,1.284264566145871,9.240120533365037,1
-1.3052479586047818,1.077278395353621,1.8863162930787558,7.907357665529487,0
-0.8923668664295594,0.16509869021749624,-2.467276164772849,10.101088216845927,0
-3.779081461891062,0.7280081062485895,-4.900212233415506,33.363051569737365,0
-0.9046126384981534,1.0031709130031299,2.2344366235491195,7.387624618016177,0
-4.847758653257913,1.5842961463789325,0.3565659934757859,23.266492045404625,0
-3.1678056469714466,4.509615196847914,3.3611770320724883,32.931553400083516,2
1.5208293122885947,1.3768795864996504,3.2138836290069435,15.113758931225286,1
1.5716003173016644,2.0414892395348883,3.433261677878832,14.401700697414666,3
0.8509151235699295,1.058637733283516,-0.14905340020459867,3.2193014741402863,1
-1.933952286258426,1.5081093370761023,-1.6637160416313437,8.586698601238147,0
-0.09542271228395971,0.11036036774419505,2.9155820259137,7.5458694803057185,0
-0.007205078181136809,0.44033208582770866,-0.48705886970745027,6.533081528937908,0
-2.3167293783850855,0.6737801410642357,-3.165578035965655,18.88258530733067,0
3.0067966035343012,0.9593907248508131,3.549740195614744,23.422211514083195,1
1.7547245811513428,0.0700852260035118,3.8255987677234735,17.65537875448559,1
-0.44192834765932787,0.2262763658069958,-0.33690243859829927,3.7343731819076513,0
0.05377167798906156,0.48613388115501177,-4.243002726902125,14.79637479309205,1
0.41676561589510497,5.338498348847386,-1.1217391008306876,24.237299312682364,3
-4.083469736848581,0.6037350729661679,3.035376594626033,23.695542755471166,0
-0.49435476504119386,0.9867889539431265,4.017740285462287,17.349526853047266,0
-1.363968495995597,0.32741632566846446,-2.9652725750240414,13.407897710202697,0
-2.003240019789831,1.415416087709874,-4.330263879747285,24.001687419407435,0
-0.5622005857719098,0.4941801418671181,3.7735045313283866,13.774252645556977,0
3.595373053699045,0.3478840478238753,-1.1059506102112469,18.429082648889224,1
1.2816857225340197,1.090281283986631,0.4176096426756324,3.5065349056217463,1
-1.1423579795655936,0.00828151790596466,4.680658120507589,19.881236090568766,0
1.1451655627123172,0.011540328405600452,-4.334352720857772,17.315481341179,1
